波形,300ms附近时间点,均值幅值
目标-Top12,296.0,1.6861657346805765
目标-All20,296.0,1.5015542752978703
非目标-Top12,296.0,1.1203903455732183
非目标-All20,296.0,0.961432031052808
