trial_id,sheet,predicted_row,predicted_col,prediction,row_margin,col_margin,mean_margin,answer,correct,model
12,Unknown1,5,10,2,1.5466282963752747,1.0761891603469849,1.3114087283611298,2,True,Optimal LDA
13,Unknown2,4,8,T,0.8677435318628948,1.6988102197647095,1.2832768758138022,T,True,Optimal LDA
14,Unknown3,1,12,F,0.6079795360565186,3.4867127537727356,2.047346144914627,F,True,Optimal LDA
15,Unknown4,6,7,5,2.7262216409047446,3.892256597677867,3.3092391192913055,5,True,Optimal LDA
16,Unknown5,1,9,C,0.3336360454559326,3.9724297523498535,2.153032898902893,I,False,Optimal LDA
17,Unknown6,4,12,X,1.0220766266187031,3.1977994441986084,2.1099380354086557,X,True,Optimal LDA
18,Unknown7,2,11,K,0.9729566176732382,0.6648989915847778,0.818927804629008,K,True,Optimal LDA
19,Unknown8,3,7,M,0.20441182454427087,4.805050651232401,2.5047312378883357,M,True,Optimal LDA
