trial_id,sheet,predicted_row,predicted_col,prediction,row_margin,col_margin,mean_margin
12,Unknown1,5,10,2,1.7323684215545654,1.8340808153152466,1.783224618434906
13,Unknown2,3,8,N,0.12959928512573243,1.861028242111206,0.9953137636184692
14,Unknown3,1,12,F,0.9593003273010254,3.189265012741089,2.074282670021057
15,Unknown4,6,7,5,1.921284246444702,3.5065588116645814,2.713921529054642
16,Unknown5,3,9,O,0.22938904762268064,4.578261661529541,2.4038253545761106
17,Unknown6,4,12,X,0.9192428112030029,2.3490684032440186,1.6341556072235108
18,Unknown7,2,11,K,0.45216577053070073,0.16832134723663328,0.310243558883667
19,Unknown8,3,7,M,0.7434712409973144,4.5799431800842285,2.6617072105407713
