{
  "model": "eegnet",
  "epoch_ms": "0-500ms",
  "epoch_start_ms": 0.0,
  "epoch_end_ms": 500.0,
  "response_samples": 62,
  "response_ms": 500.0,
  "aggregate_method": "top3",
  "n_samples": 720,
  "positive_rate": 0.16666666666666666,
  "event_accuracy": 0.7888888888888889,
  "event_balanced_accuracy": 0.76,
  "event_precision": 0.4215686274509804,
  "event_recall": 0.7166666666666667,
  "event_f1": 0.5308641975308642,
  "event_roc_auc": 0.8244861111111111,
  "char_accuracy": 0.8333333333333334
}
